UTC,Latitude,Lat Dir,Longitude,Lon Dir,Fix,Satellite
080158.00,0658.37788769,S,10737.82192049,E,5,34
080201.00,0658.37817618,S,10737.82190668,E,5,34
080204.00,0658.37925611,S,10737.82208221,E,5,31
080209.00,0658.38089956,S,10737.82234608,E,5,28
080213.00,0658.38233452,S,10737.82261841,E,5,27
080216.00,0658.38284451,S,10737.82306718,E,5,27
080221.00,0658.38352410,S,10737.82373121,E,5,31
080225.00,0658.38353133,S,10737.82466813,E,4,33
080229.00,0658.38355672,S,10737.82574633,E,4,30
080235.00,0658.38365284,S,10737.82660022,E,4,30
080240.00,0658.38317342,S,10737.82682651,E,4,31
080243.00,0658.38267889,S910,M,22.4639,M,2.0
080247.00,0658.38199283,S829,M,22.4640,M,1.0
080250.00,0658.38138186,S992,M,22.4640,M,1.0
080253.00,0658.38077577,S,10737.82689372,E,4,26
080256.00,0658.38007154,S,10737.82688525,E,4,27
080300.00,0658.37913448,S,10737.82691279,E,4,26
080303.00,0658.37880976,S,10737.82691696,E,4,29
080306.00,0658.37889612,S,10737.82707416,E,4,29
080311.00,0658.37876217,S,10737.82677537,E,4,30
080316.00,0658.37983758,S,10737.82691913,E,4,26
080319.00,0658.38062984,S,10737.82690115,E,4,26
080322.00,0658.38158844,S,10737.82700663,E,4,26
080326.00,0658.38280425,S,10737.82730627,E,4,26
080329.00,0658.38316248,S585,M,22.4639,M,1.0
080333.00,0658.38366364,S,10737.82671206,E,4,31
080336.00,0658.38381043,S,10737.82600854,E,4,29
080339.00,0658.38370628,S,10737.82527456,E,4,29
080342.00,0658.38352618,S231,M,22.4639,M,1.0
080345.00,0658.38324810,S392,M,22.4639,M,1.0
080348.00,0658.38279422,S,10737.82281875,E,4,31
080351.00,0658.38209713,S,10737.82222557,E,4,29
080356.00,0658.38039700,S,10737.82179608,E,4,29
080400.00,0658.37911999,S,10737.82173332,E,4,30
080404.00,0658.37909280,S,10737.82188122,E,4,33
080408.00,0658.37930570,S,10737.82179031,E,4,34
080413.00,0658.38041214,S,10737.82183864,E,4,29
080417.00,0658.38177170,S,10737.82182647,E,4,31
080420.00,0658.38258514,S,10737.82191415,E,4,29
080424.00,0658.38339487,S889,M,22.4639,M,1.0
080427.00,0658.38356577,S,10737.82328994,E,4,30
080432.00,0658.38357257,S,10737.82487629,E,4,31
080435.00,0658.38358500,S,10737.82570445,E,4,29
080438.00,0658.38365088,S,10737.82631537,E,4,30
080441.00,0658.38364605,S,10737.82662210,E,4,30
080445.00,0658.38319654,S,10737.82695907,E,4,31
080448.00,0658.38256513,S,10737.82714107,E,4,30
080453.00,0658.38117733,S156,M,22.4640,M,1.0
080456.00,0658.38028293,S,10737.82689756,E,4,25
080459.00,0658.37937278,S786,M,22.4641,M,1.0
080503.00,0658.37885655,S,10737.82697335,E,4,27
080507.00,0658.37898955,S,10737.82716681,E,4,26
080510.00,0658.37905490,S,10737.82710640,E,4,28
080513.00,0658.37956939,S,10737.82682461,E,4,26
080516.00,0658.38033661,S,10737.82674825,E,4,29
080522.00,0658.38223453,S,10737.82716277,E,4,29
080525.00,0658.38291610,S264,M,22.4639,M,1.0
080529.00,0658.38376230,S064,M,22.4639,M,1.0
080532.00,0658.38381495,S,10737.82601240,E,4,30
080536.00,0658.38366895,S907,M,22.4639,M,1.0
080540.00,0658.38340473,S,10737.82371876,E,4,33
080543.00,0658.38305222,S,10737.82299210,E,4,31
080546.00,0658.38256762,S,10737.82231773,E,4,31
080549.00,0658.38178427,S,10737.82190454,E,4,29
080552.00,0658.38094108,S855,M,22.4641,M,1.0
080555.00,0658.38000666,S,10737.82184921,E,4,31
080600.00,0658.37884354,S,10737.82181016,E,4,31
080604.00,0658.37875694,S,10737.82190247,E,4,32
080610.00,0658.37924320,S,10737.82189901,E,4,31
080614.00,0658.38024567,S,10737.82189869,E,4,31
080617.00,0658.38131382,S,10737.82200672,E,4,31
080620.00,0658.38224434,S073,M,22.4640,M,1.0
080623.00,0658.38293341,S938,M,22.4640,M,1.0
080626.00,0658.38339506,S,10737.82345898,E,4,29
080629.00,0658.38352983,S719,M,22.4639,M,1.0
080632.00,0658.38352629,S,10737.82532765,E,4,31
080637.00,0658.38353827,S,10737.82659088,E,4,31
080641.00,0658.38272365,S,10737.82701659,E,4,31
080647.00,0658.38110625,S,10737.82689147,E,4,28
080650.00,0658.38027747,S,10737.82692582,E,4,25
080656.00,0658.37872247,S,10737.82680627,E,4,26
080700.00,0658.37884156,S067,M,22.4641,M,1.0
080704.00,0658.37899116,S026,M,22.4641,M,1.0
080708.00,0658.37997521,S,10737.82678818,E,4,27
080711.00,0658.38085448,S553,M,22.4640,M,1.0
080715.00,0658.38225030,S,10737.82704670,E,4,26
080718.00,0658.38320706,S,10737.82716001,E,4,29
080721.00,0658.38354139,S,10737.82689713,E,4,29
080724.00,0658.38346261,S397,M,22.4639,M,1.0
080727.00,0658.38342898,S,10737.82512358,E,4,29
080731.00,0658.38337902,S478,M,22.4639,M,1.0
080734.00,0658.38299399,S,10737.82303029,E,4,31
080737.00,0658.38230045,S,10737.82217519,E,4,30
080740.00,0658.38124893,S,10737.82178939,E,4,27
080743.00,0658.38008020,S,10737.82183929,E,4,30
080746.00,0658.37902742,S,10737.82206802,E,4,31
080750.00,0658.37884823,S,10737.82175466,E,4,35
080753.00,0658.37911940,S,10737.82180972,E,4,31
080756.00,0658.37965761,S,10737.82189437,E,4,32
080759.00,0658.38040336,S146,M,22.4641,M,1.0
080802.00,0658.38156099,S,10737.82198031,E,4,27
080805.00,0658.38252478,S,10737.82216260,E,4,28
080808.00,0658.38332559,S,10737.82272239,E,4,28
080811.00,0658.38382571,S,10737.82359044,E,4,26
080814.00,0658.38394891,S,10737.82446303,E,4,29
080817.00,0658.38394700,S,10737.82408037,E,4,30
080820.00,0658.38376299,S,10737.82410585,E,4,34
080823.00,0658.38371153,S,10737.82468334,E,4,35
080827.00,0658.38367622,S,10737.82554590,E,4,32
080830.00,0658.38373926,S,10737.82621770,E,4,31
080834.00,0658.38343158,S,10737.82675258,E,4,31
080837.00,0658.38255878,S,10737.82703337,E,4,31
080840.00,0658.38155167,S,10737.82711980,E,4,27
080843.00,0658.38069815,S,10737.82713313,E,4,26
080846.00,0658.37967961,S,10737.82696724,E,4,25
080850.00,0658.37882011,S,10737.82678557,E,4,27
080856.00,0658.37908552,S,10737.82707955,E,4,26
080900.00,0658.37974392,S,10737.82689303,E,4,24
080904.00,0658.38096683,S,10737.82682606,E,4,28
080907.00,0658.38206074,S,10737.82694992,E,4,26
080911.00,0658.38342841,S,10737.82715211,E,4,29
080915.00,0658.38397207,S,10737.82657079,E,4,29
080918.00,0658.38365513,S,10737.82569488,E,4,31
080921.00,0658.38348985,S,10737.82466799,E,4,31
080924.00,0658.38357933,S,10737.82386762,E,4,31
080928.00,0658.38296794,S605,M,22.4639,M,1.0
080931.00,0658.38221378,S,10737.82228596,E,4,28
080935.00,0658.38093111,S,10737.82184951,E,4,28
080940.00,0658.38039946,S,10737.82167753,E,4,34
080943.00,0658.38024215,S,10737.82160631,E,4,36
080946.00,0658.37991004,S,10737.82160972,E,4,35
080949.00,0658.37909040,S,10737.82183482,E,4,31
080953.00,0658.37886574,S,10737.82219443,E,4,30
080956.00,0658.37905868,S,10737.82209378,E,4,31
081000.00,0658.38027447,S,10737.82184763,E,4,34
081009.00,0658.38318574,S,10737.82302854,E,4,29
081013.00,0658.38348850,S,10737.82421121,E,4,31
081016.00,0658.38354430,S,10737.82492349,E,4,31
081020.00,0658.38367103,S,10737.82610318,E,4,28
081024.00,0658.38360194,S,10737.82673705,E,4,31
081027.00,0658.38318004,S,10737.82697995,E,4,32
081031.00,0658.38213666,S,10737.82712232,E,4,28
081034.00,0658.38124338,S740,M,22.4640,M,1.0
081038.00,0658.37996793,S,10737.82708816,E,4,25
081043.00,0658.37886517,S,10737.82665054,E,4,30
081047.00,0658.37866196,S,10737.82681812,E,5,26
081051.00,0658.37897999,S,10737.82683602,E,5,28
081055.00,0658.37980701,S,10737.82675354,E,5,31
081059.00,0658.38111344,S,10737.82709265,E,5,26
081102.00,0658.38187423,S,10737.82732370,E,5,26
081110.00,0658.38380739,S,10737.82684485,E,2,28
081116.00,0658.38363568,S,10737.82488674,E,2,28
081119.00,0658.38347377,S,10737.82379709,E,2,28
081122.00,0658.38304843,S,10737.82307872,E,2,28
081126.00,0658.38209133,S,10737.82214727,E,2,28
081129.00,0658.38103945,S,10737.82185018,E,2,28
081133.00,0658.37957420,S,10737.82178564,E,2,28
